[
  {
    "udex": "#000",
    "ndex": "#494",
    "name": "Victini",
    "type1": "Psychic",
    "type2": "Fire"
  },
  {
    "udex": "#001",
    "ndex": "#495",
    "name": "Snivy",
    "type1": "Grass"
  },
  {
    "udex": "#002",
    "ndex": "#496",
    "name": "Servine",
    "type1": "Grass"
  },
  {
    "udex": "#003",
    "ndex": "#497",
    "name": "Serperior",
    "type1": "Grass"
  },
  {
    "udex": "#004",
    "ndex": "#498",
    "name": "Tepig",
    "type1": "Fire"
  },
  {
    "udex": "#005",
    "ndex": "#499",
    "name": "Pignite",
    "type1": "Fire",
    "type2": "Fighting"
  },
  {
    "udex": "#006",
    "ndex": "#500",
    "name": "Emboar",
    "type1": "Fire",
    "type2": "Fighting"
  },
  {
    "udex": "#007",
    "ndex": "#501",
    "name": "Oshawott",
    "type1": "Water"
  },
  {
    "udex": "#008",
    "ndex": "#502",
    "name": "Dewott",
    "type1": "Water"
  },
  {
    "udex": "#009",
    "ndex": "#503",
    "name": "Samurott",
    "type1": "Water"
  },
  {
    "udex": "#010",
    "ndex": "#504",
    "name": "Patrat",
    "type1": "Normal"
  },
  {
    "udex": "#011",
    "ndex": "#505",
    "name": "Watchog",
    "type1": "Normal"
  },
  {
    "udex": "#012",
    "ndex": "#506",
    "name": "Lillipup",
    "type1": "Normal"
  },
  {
    "udex": "#013",
    "ndex": "#507",
    "name": "Herdier",
    "type1": "Normal"
  },
  {
    "udex": "#014",
    "ndex": "#508",
    "name": "Stoutland",
    "type1": "Normal"
  },
  {
    "udex": "#015",
    "ndex": "#509",
    "name": "Purrloin",
    "type1": "Dark"
  },
  {
    "udex": "#016",
    "ndex": "#510",
    "name": "Liepard",
    "type1": "Dark"
  },
  {
    "udex": "#017",
    "ndex": "#511",
    "name": "Pansage",
    "type1": "Grass"
  },
  {
    "udex": "#018",
    "ndex": "#512",
    "name": "Simisage",
    "type1": "Grass"
  },
  {
    "udex": "#019",
    "ndex": "#513",
    "name": "Pansear",
    "type1": "Fire"
  },
  {
    "udex": "#020",
    "ndex": "#514",
    "name": "Simisear",
    "type1": "Fire"
  },
  {
    "udex": "#021",
    "ndex": "#515",
    "name": "Panpour",
    "type1": "Water"
  },
  {
    "udex": "#022",
    "ndex": "#516",
    "name": "Simipour",
    "type1": "Water"
  },
  {
    "udex": "#023",
    "ndex": "#517",
    "name": "Munna",
    "type1": "Psychic"
  },
  {
    "udex": "#024",
    "ndex": "#518",
    "name": "Musharna",
    "type1": "Psychic"
  },
  {
    "udex": "#025",
    "ndex": "#519",
    "name": "Pidove",
    "type1": "Normal",
    "type2": "Flying"
  },
  {
    "udex": "#026",
    "ndex": "#520",
    "name": "Tranquill",
    "type1": "Normal",
    "type2": "Flying"
  },
  {
    "udex": "#027",
    "ndex": "#521",
    "name": "Unfezant",
    "type1": "Normal",
    "type2": "Flying"
  },
  {
    "udex": "#027",
    "ndex": "#521",
    "name": "Unfezant",
    "type1": "Normal",
    "type2": "Flying"
  },
  {
    "udex": "#028",
    "ndex": "#522",
    "name": "Blitzle",
    "type1": "Electric"
  },
  {
    "udex": "#029",
    "ndex": "#523",
    "name": "Zebstrika",
    "type1": "Electric"
  },
  {
    "udex": "#030",
    "ndex": "#524",
    "name": "Roggenrola",
    "type1": "Rock"
  },
  {
    "udex": "#031",
    "ndex": "#525",
    "name": "Boldore",
    "type1": "Rock"
  },
  {
    "udex": "#032",
    "ndex": "#526",
    "name": "Gigalith",
    "type1": "Rock"
  },
  {
    "udex": "#033",
    "ndex": "#527",
    "name": "Woobat",
    "type1": "Psychic",
    "type2": "Flying"
  },
  {
    "udex": "#034",
    "ndex": "#528",
    "name": "Swoobat",
    "type1": "Psychic",
    "type2": "Flying"
  },
  {
    "udex": "#035",
    "ndex": "#529",
    "name": "Drilbur",
    "type1": "Ground"
  },
  {
    "udex": "#036",
    "ndex": "#530",
    "name": "Excadrill",
    "type1": "Ground",
    "type2": "Steel"
  },
  {
    "udex": "#037",
    "ndex": "#531",
    "name": "Audino",
    "type1": "Normal"
  },
  {
    "udex": "#038",
    "ndex": "#532",
    "name": "Timburr",
    "type1": "Fighting"
  },
  {
    "udex": "#039",
    "ndex": "#533",
    "name": "Gurdurr",
    "type1": "Fighting"
  },
  {
    "udex": "#040",
    "ndex": "#534",
    "name": "Conkeldurr",
    "type1": "Fighting"
  },
  {
    "udex": "#041",
    "ndex": "#535",
    "name": "Tympole",
    "type1": "Water"
  },
  {
    "udex": "#042",
    "ndex": "#536",
    "name": "Palpitoad",
    "type1": "Water",
    "type2": "Ground"
  },
  {
    "udex": "#043",
    "ndex": "#537",
    "name": "Seismitoad",
    "type1": "Water",
    "type2": "Ground"
  },
  {
    "udex": "#044",
    "ndex": "#538",
    "name": "Throh",
    "type1": "Fighting"
  },
  {
    "udex": "#045",
    "ndex": "#539",
    "name": "Sawk",
    "type1": "Fighting"
  },
  {
    "udex": "#046",
    "ndex": "#540",
    "name": "Sewaddle",
    "type1": "Bug",
    "type2": "Grass"
  },
  {
    "udex": "#047",
    "ndex": "#541",
    "name": "Swadloon",
    "type1": "Bug",
    "type2": "Grass"
  },
  {
    "udex": "#048",
    "ndex": "#542",
    "name": "Leavanny",
    "type1": "Bug",
    "type2": "Grass"
  },
  {
    "udex": "#049",
    "ndex": "#543",
    "name": "Venipede",
    "type1": "Bug",
    "type2": "Poison"
  },
  {
    "udex": "#050",
    "ndex": "#544",
    "name": "Whirlipede",
    "type1": "Bug",
    "type2": "Poison"
  },
  {
    "udex": "#051",
    "ndex": "#545",
    "name": "Scolipede",
    "type1": "Bug",
    "type2": "Poison"
  },
  {
    "udex": "#052",
    "ndex": "#546",
    "name": "Cottonee",
    "type1": "Grass",
    "type2": "Fairy"
  },
  {
    "udex": "#053",
    "ndex": "#547",
    "name": "Whimsicott",
    "type1": "Grass",
    "type2": "Fairy"
  },
  {
    "udex": "#054",
    "ndex": "#548",
    "name": "Petilil",
    "type1": "Grass"
  },
  {
    "udex": "#055",
    "ndex": "#549",
    "name": "Lilligant",
    "type1": "Grass"
  },
  {
    "udex": "#056",
    "ndex": "#550",
    "name": "Basculin",
    "type1": "Water"
  },
  {
    "udex": "#056",
    "ndex": "#550",
    "name": "Basculin",
    "type1": "Water"
  },
  {
    "udex": "#057",
    "ndex": "#551",
    "name": "Sandile",
    "type1": "Ground",
    "type2": "Dark"
  },
  {
    "udex": "#058",
    "ndex": "#552",
    "name": "Krokorok",
    "type1": "Ground",
    "type2": "Dark"
  },
  {
    "udex": "#059",
    "ndex": "#553",
    "name": "Krookodile",
    "type1": "Ground",
    "type2": "Dark"
  },
  {
    "udex": "#060",
    "ndex": "#554",
    "name": "Darumaka",
    "type1": "Fire"
  },
  {
    "udex": "",
    "ndex": "#554",
    "name": "Darumaka",
    "type1": "Ice"
  },
  {
    "udex": "#061",
    "ndex": "#555",
    "name": "Darmanitan",
    "type1": "Fire"
  },
  {
    "udex": "#061",
    "ndex": "#555",
    "name": "Darmanitan",
    "type1": "Fire",
    "type2": "Psychic"
  },
  {
    "udex": "",
    "ndex": "#555",
    "name": "Darmanitan",
    "type1": "Ice"
  },
  {
    "udex": "",
    "ndex": "#555",
    "name": "Darmanitan",
    "type1": "Ice",
    "type2": "Fire"
  },
  {
    "udex": "#062",
    "ndex": "#556",
    "name": "Maractus",
    "type1": "Grass"
  },
  {
    "udex": "#063",
    "ndex": "#557",
    "name": "Dwebble",
    "type1": "Bug",
    "type2": "Rock"
  },
  {
    "udex": "#064",
    "ndex": "#558",
    "name": "Crustle",
    "type1": "Bug",
    "type2": "Rock"
  },
  {
    "udex": "#065",
    "ndex": "#559",
    "name": "Scraggy",
    "type1": "Dark",
    "type2": "Fighting"
  },
  {
    "udex": "#066",
    "ndex": "#560",
    "name": "Scrafty",
    "type1": "Dark",
    "type2": "Fighting"
  },
  {
    "udex": "#067",
    "ndex": "#561",
    "name": "Sigilyph",
    "type1": "Psychic",
    "type2": "Flying"
  },
  {
    "udex": "#068",
    "ndex": "#562",
    "name": "Yamask",
    "type1": "Ghost"
  },
  {
    "udex": "",
    "ndex": "#562",
    "name": "Yamask",
    "type1": "Ground",
    "type2": "Ghost"
  },
  {
    "udex": "#069",
    "ndex": "#563",
    "name": "Cofagrigus",
    "type1": "Ghost"
  },
  {
    "udex": "#070",
    "ndex": "#564",
    "name": "Tirtouga",
    "type1": "Water",
    "type2": "Rock"
  },
  {
    "udex": "#071",
    "ndex": "#565",
    "name": "Carracosta",
    "type1": "Water",
    "type2": "Rock"
  },
  {
    "udex": "#072",
    "ndex": "#566",
    "name": "Archen",
    "type1": "Rock",
    "type2": "Flying"
  },
  {
    "udex": "#073",
    "ndex": "#567",
    "name": "Archeops",
    "type1": "Rock",
    "type2": "Flying"
  },
  {
    "udex": "#074",
    "ndex": "#568",
    "name": "Trubbish",
    "type1": "Poison"
  },
  {
    "udex": "#075",
    "ndex": "#569",
    "name": "Garbodor",
    "type1": "Poison"
  },
  {
    "udex": "#076",
    "ndex": "#570",
    "name": "Zorua",
    "type1": "Dark"
  },
  {
    "udex": "#077",
    "ndex": "#571",
    "name": "Zoroark",
    "type1": "Dark"
  },
  {
    "udex": "#078",
    "ndex": "#572",
    "name": "Minccino",
    "type1": "Normal"
  },
  {
    "udex": "#079",
    "ndex": "#573",
    "name": "Cinccino",
    "type1": "Normal"
  },
  {
    "udex": "#080",
    "ndex": "#574",
    "name": "Gothita",
    "type1": "Psychic"
  },
  {
    "udex": "#081",
    "ndex": "#575",
    "name": "Gothorita",
    "type1": "Psychic"
  },
  {
    "udex": "#082",
    "ndex": "#576",
    "name": "Gothitelle",
    "type1": "Psychic"
  },
  {
    "udex": "#083",
    "ndex": "#577",
    "name": "Solosis",
    "type1": "Psychic"
  },
  {
    "udex": "#084",
    "ndex": "#578",
    "name": "Duosion",
    "type1": "Psychic"
  },
  {
    "udex": "#085",
    "ndex": "#579",
    "name": "Reuniclus",
    "type1": "Psychic"
  },
  {
    "udex": "#086",
    "ndex": "#580",
    "name": "Ducklett",
    "type1": "Water",
    "type2": "Flying"
  },
  {
    "udex": "#087",
    "ndex": "#581",
    "name": "Swanna",
    "type1": "Water",
    "type2": "Flying"
  },
  {
    "udex": "#088",
    "ndex": "#582",
    "name": "Vanillite",
    "type1": "Ice"
  },
  {
    "udex": "#089",
    "ndex": "#583",
    "name": "Vanillish",
    "type1": "Ice"
  },
  {
    "udex": "#090",
    "ndex": "#584",
    "name": "Vanilluxe",
    "type1": "Ice"
  },
  {
    "udex": "#091",
    "ndex": "#585",
    "name": "Deerling",
    "type1": "Normal",
    "type2": "Grass"
  },
  {
    "udex": "#092",
    "ndex": "#586",
    "name": "Sawsbuck",
    "type1": "Normal",
    "type2": "Grass"
  },
  {
    "udex": "#093",
    "ndex": "#587",
    "name": "Emolga",
    "type1": "Electric",
    "type2": "Flying"
  },
  {
    "udex": "#094",
    "ndex": "#588",
    "name": "Karrablast",
    "type1": "Bug"
  },
  {
    "udex": "#095",
    "ndex": "#589",
    "name": "Escavalier",
    "type1": "Bug",
    "type2": "Steel"
  },
  {
    "udex": "#096",
    "ndex": "#590",
    "name": "Foongus",
    "type1": "Grass",
    "type2": "Poison"
  },
  {
    "udex": "#097",
    "ndex": "#591",
    "name": "Amoonguss",
    "type1": "Grass",
    "type2": "Poison"
  },
  {
    "udex": "#098",
    "ndex": "#592",
    "name": "Frillish",
    "type1": "Water",
    "type2": "Ghost"
  },
  {
    "udex": "#098",
    "ndex": "#592",
    "name": "Frillish",
    "type1": "Water",
    "type2": "Ghost"
  },
  {
    "udex": "#099",
    "ndex": "#593",
    "name": "Jellicent",
    "type1": "Water",
    "type2": "Ghost"
  },
  {
    "udex": "#099",
    "ndex": "#593",
    "name": "Jellicent",
    "type1": "Water",
    "type2": "Ghost"
  },
  {
    "udex": "#100",
    "ndex": "#594",
    "name": "Alomomola",
    "type1": "Water"
  },
  {
    "udex": "#101",
    "ndex": "#595",
    "name": "Joltik",
    "type1": "Bug",
    "type2": "Electric"
  },
  {
    "udex": "#102",
    "ndex": "#596",
    "name": "Galvantula",
    "type1": "Bug",
    "type2": "Electric"
  },
  {
    "udex": "#103",
    "ndex": "#597",
    "name": "Ferroseed",
    "type1": "Grass",
    "type2": "Steel"
  },
  {
    "udex": "#104",
    "ndex": "#598",
    "name": "Ferrothorn",
    "type1": "Grass",
    "type2": "Steel"
  },
  {
    "udex": "#105",
    "ndex": "#599",
    "name": "Klink",
    "type1": "Steel"
  },
  {
    "udex": "#106",
    "ndex": "#600",
    "name": "Klang",
    "type1": "Steel"
  },
  {
    "udex": "#107",
    "ndex": "#601",
    "name": "Klinklang",
    "type1": "Steel"
  },
  {
    "udex": "#108",
    "ndex": "#602",
    "name": "Tynamo",
    "type1": "Electric"
  },
  {
    "udex": "#109",
    "ndex": "#603",
    "name": "Eelektrik",
    "type1": "Electric"
  },
  {
    "udex": "#110",
    "ndex": "#604",
    "name": "Eelektross",
    "type1": "Electric"
  },
  {
    "udex": "#111",
    "ndex": "#605",
    "name": "Elgyem",
    "type1": "Psychic"
  },
  {
    "udex": "#112",
    "ndex": "#606",
    "name": "Beheeyem",
    "type1": "Psychic"
  },
  {
    "udex": "#113",
    "ndex": "#607",
    "name": "Litwick",
    "type1": "Ghost",
    "type2": "Fire"
  },
  {
    "udex": "#114",
    "ndex": "#608",
    "name": "Lampent",
    "type1": "Ghost",
    "type2": "Fire"
  },
  {
    "udex": "#115",
    "ndex": "#609",
    "name": "Chandelure",
    "type1": "Ghost",
    "type2": "Fire"
  },
  {
    "udex": "#116",
    "ndex": "#610",
    "name": "Axew",
    "type1": "Dragon"
  },
  {
    "udex": "#117",
    "ndex": "#611",
    "name": "Fraxure",
    "type1": "Dragon"
  },
  {
    "udex": "#118",
    "ndex": "#612",
    "name": "Haxorus",
    "type1": "Dragon"
  },
  {
    "udex": "#119",
    "ndex": "#613",
    "name": "Cubchoo",
    "type1": "Ice"
  },
  {
    "udex": "#120",
    "ndex": "#614",
    "name": "Beartic",
    "type1": "Ice"
  },
  {
    "udex": "#121",
    "ndex": "#615",
    "name": "Cryogonal",
    "type1": "Ice"
  },
  {
    "udex": "#122",
    "ndex": "#616",
    "name": "Shelmet",
    "type1": "Bug"
  },
  {
    "udex": "#123",
    "ndex": "#617",
    "name": "Accelgor",
    "type1": "Bug"
  },
  {
    "udex": "#124",
    "ndex": "#618",
    "name": "Stunfisk",
    "type1": "Ground",
    "type2": "Electric"
  },
  {
    "udex": "",
    "ndex": "#618",
    "name": "Stunfisk",
    "type1": "Ground",
    "type2": "Steel"
  },
  {
    "udex": "#125",
    "ndex": "#619",
    "name": "Mienfoo",
    "type1": "Fighting"
  },
  {
    "udex": "#126",
    "ndex": "#620",
    "name": "Mienshao",
    "type1": "Fighting"
  },
  {
    "udex": "#127",
    "ndex": "#621",
    "name": "Druddigon",
    "type1": "Dragon"
  },
  {
    "udex": "#128",
    "ndex": "#622",
    "name": "Golett",
    "type1": "Ground",
    "type2": "Ghost"
  },
  {
    "udex": "#129",
    "ndex": "#623",
    "name": "Golurk",
    "type1": "Ground",
    "type2": "Ghost"
  },
  {
    "udex": "#130",
    "ndex": "#624",
    "name": "Pawniard",
    "type1": "Dark",
    "type2": "Steel"
  },
  {
    "udex": "#131",
    "ndex": "#625",
    "name": "Bisharp",
    "type1": "Dark",
    "type2": "Steel"
  },
  {
    "udex": "#132",
    "ndex": "#626",
    "name": "Bouffalant",
    "type1": "Normal"
  },
  {
    "udex": "#133",
    "ndex": "#627",
    "name": "Rufflet",
    "type1": "Normal",
    "type2": "Flying"
  },
  {
    "udex": "#134",
    "ndex": "#628",
    "name": "Braviary",
    "type1": "Normal",
    "type2": "Flying"
  },
  {
    "udex": "#135",
    "ndex": "#629",
    "name": "Vullaby",
    "type1": "Dark",
    "type2": "Flying"
  },
  {
    "udex": "#136",
    "ndex": "#630",
    "name": "Mandibuzz",
    "type1": "Dark",
    "type2": "Flying"
  },
  {
    "udex": "#137",
    "ndex": "#631",
    "name": "Heatmor",
    "type1": "Fire"
  },
  {
    "udex": "#138",
    "ndex": "#632",
    "name": "Durant",
    "type1": "Bug",
    "type2": "Steel"
  },
  {
    "udex": "#139",
    "ndex": "#633",
    "name": "Deino",
    "type1": "Dark",
    "type2": "Dragon"
  },
  {
    "udex": "#140",
    "ndex": "#634",
    "name": "Zweilous",
    "type1": "Dark",
    "type2": "Dragon"
  },
  {
    "udex": "#141",
    "ndex": "#635",
    "name": "Hydreigon",
    "type1": "Dark",
    "type2": "Dragon"
  },
  {
    "udex": "#142",
    "ndex": "#636",
    "name": "Larvesta",
    "type1": "Bug",
    "type2": "Fire"
  },
  {
    "udex": "#143",
    "ndex": "#637",
    "name": "Volcarona",
    "type1": "Bug",
    "type2": "Fire"
  },
  {
    "udex": "#144",
    "ndex": "#638",
    "name": "Cobalion",
    "type1": "Steel",
    "type2": "Fighting"
  },
  {
    "udex": "#145",
    "ndex": "#639",
    "name": "Terrakion",
    "type1": "Rock",
    "type2": "Fighting"
  },
  {
    "udex": "#146",
    "ndex": "#640",
    "name": "Virizion",
    "type1": "Grass",
    "type2": "Fighting"
  },
  {
    "udex": "#147",
    "ndex": "#641",
    "name": "Tornadus",
    "type1": "Flying"
  },
  {
    "udex": "#148",
    "ndex": "#642",
    "name": "Thundurus",
    "type1": "Electric",
    "type2": "Flying"
  },
  {
    "udex": "#149",
    "ndex": "#643",
    "name": "Reshiram",
    "type1": "Dragon",
    "type2": "Fire"
  },
  {
    "udex": "#150",
    "ndex": "#644",
    "name": "Zekrom",
    "type1": "Dragon",
    "type2": "Electric"
  },
  {
    "udex": "#151",
    "ndex": "#645",
    "name": "Landorus",
    "type1": "Ground",
    "type2": "Flying"
  },
  {
    "udex": "#152",
    "ndex": "#646",
    "name": "Kyurem",
    "type1": "Dragon",
    "type2": "Ice"
  },
  {
    "udex": "#153",
    "ndex": "#647",
    "name": "Keldeo",
    "type1": "Water",
    "type2": "Fighting"
  },
  {
    "udex": "#154",
    "ndex": "#648",
    "name": "Meloetta",
    "type1": "Normal",
    "type2": "Psychic"
  },
  {
    "udex": "#154",
    "ndex": "#648",
    "name": "Meloetta",
    "type1": "Normal",
    "type2": "Fighting"
  },
  {
    "udex": "#155",
    "ndex": "#649",
    "name": "Genesect",
    "type1": "Bug",
    "type2": "Steel"
  }
]