[
  {
    "ce/co/modex": "#001Ce",
    "ndex": "#650",
    "name": "Chespin",
    "type1": "Grass"
  },
  {
    "ce/co/modex": "#002Ce",
    "ndex": "#651",
    "name": "Quilladin",
    "type1": "Grass"
  },
  {
    "ce/co/modex": "#003Ce",
    "ndex": "#652",
    "name": "Chesnaught",
    "type1": "Grass",
    "type2": "Fighting"
  },
  {
    "ce/co/modex": "#004Ce",
    "ndex": "#653",
    "name": "Fennekin",
    "type1": "Fire"
  },
  {
    "ce/co/modex": "#005Ce",
    "ndex": "#654",
    "name": "Braixen",
    "type1": "Fire"
  },
  {
    "ce/co/modex": "#006Ce",
    "ndex": "#655",
    "name": "Delphox",
    "type1": "Fire",
    "type2": "Psychic"
  },
  {
    "ce/co/modex": "#007Ce",
    "ndex": "#656",
    "name": "Froakie",
    "type1": "Water"
  },
  {
    "ce/co/modex": "#008Ce",
    "ndex": "#657",
    "name": "Frogadier",
    "type1": "Water"
  },
  {
    "ce/co/modex": "#009Ce",
    "ndex": "#658",
    "name": "Greninja",
    "type1": "Water",
    "type2": "Dark"
  },
  {
    "ce/co/modex": "#010Ce",
    "ndex": "#659",
    "name": "Bunnelby",
    "type1": "Normal"
  },
  {
    "ce/co/modex": "#011Ce",
    "ndex": "#660",
    "name": "Diggersby",
    "type1": "Normal",
    "type2": "Ground"
  },
  {
    "ce/co/modex": "#014Ce",
    "ndex": "#661",
    "name": "Fletchling",
    "type1": "Normal",
    "type2": "Flying"
  },
  {
    "ce/co/modex": "#015Ce",
    "ndex": "#662",
    "name": "Fletchinder",
    "type1": "Fire",
    "type2": "Flying"
  },
  {
    "ce/co/modex": "#016Ce",
    "ndex": "#663",
    "name": "Talonflame",
    "type1": "Fire",
    "type2": "Flying"
  },
  {
    "ce/co/modex": "#020Ce",
    "ndex": "#664",
    "name": "Scatterbug",
    "type1": "Bug"
  },
  {
    "ce/co/modex": "#021Ce",
    "ndex": "#665",
    "name": "Spewpa",
    "type1": "Bug"
  },
  {
    "ce/co/modex": "#022Ce",
    "ndex": "#666",
    "name": "Vivillon",
    "type1": "Bug",
    "type2": "Flying"
  },
  {
    "ce/co/modex": "#057Ce",
    "ndex": "#667",
    "name": "Litleo",
    "type1": "Fire",
    "type2": "Normal"
  },
  {
    "ce/co/modex": "#058Ce",
    "ndex": "#668",
    "name": "Pyroar",
    "type1": "Fire",
    "type2": "Normal"
  },
  {
    "ce/co/modex": "#068Ce",
    "ndex": "#669",
    "name": "Flab\u00e9b\u00e9",
    "type1": "Fairy"
  },
  {
    "ce/co/modex": "#069Ce",
    "ndex": "#670",
    "name": "Floette",
    "type1": "Fairy"
  },
  {
    "ce/co/modex": "#070Ce",
    "ndex": "#671",
    "name": "Florges",
    "type1": "Fairy"
  },
  {
    "ce/co/modex": "#089Ce",
    "ndex": "#672",
    "name": "Skiddo",
    "type1": "Grass"
  },
  {
    "ce/co/modex": "#090Ce",
    "ndex": "#673",
    "name": "Gogoat",
    "type1": "Grass"
  },
  {
    "ce/co/modex": "#091Ce",
    "ndex": "#674",
    "name": "Pancham",
    "type1": "Fighting"
  },
  {
    "ce/co/modex": "#092Ce",
    "ndex": "#675",
    "name": "Pangoro",
    "type1": "Fighting",
    "type2": "Dark"
  },
  {
    "ce/co/modex": "#093Ce",
    "ndex": "#676",
    "name": "Furfrou",
    "type1": "Normal"
  },
  {
    "ce/co/modex": "#114Ce",
    "ndex": "#677",
    "name": "Espurr",
    "type1": "Psychic"
  },
  {
    "ce/co/modex": "#115Ce",
    "ndex": "#678",
    "name": "Meowstic",
    "type1": "Psychic"
  },
  {
    "ce/co/modex": "#117Ce",
    "ndex": "#679",
    "name": "Honedge",
    "type1": "Steel",
    "type2": "Ghost"
  },
  {
    "ce/co/modex": "#118Ce",
    "ndex": "#680",
    "name": "Doublade",
    "type1": "Steel",
    "type2": "Ghost"
  },
  {
    "ce/co/modex": "#119Ce",
    "ndex": "#681",
    "name": "Aegislash",
    "type1": "Steel",
    "type2": "Ghost"
  },
  {
    "ce/co/modex": "#129Ce",
    "ndex": "#682",
    "name": "Spritzee",
    "type1": "Fairy"
  },
  {
    "ce/co/modex": "#130Ce",
    "ndex": "#683",
    "name": "Aromatisse",
    "type1": "Fairy"
  },
  {
    "ce/co/modex": "#131Ce",
    "ndex": "#684",
    "name": "Swirlix",
    "type1": "Fairy"
  },
  {
    "ce/co/modex": "#132Ce",
    "ndex": "#685",
    "name": "Slurpuff",
    "type1": "Fairy"
  },
  {
    "ce/co/modex": "#010Co",
    "ndex": "#686",
    "name": "Inkay",
    "type1": "Dark",
    "type2": "Psychic"
  },
  {
    "ce/co/modex": "#011Co",
    "ndex": "#687",
    "name": "Malamar",
    "type1": "Dark",
    "type2": "Psychic"
  },
  {
    "ce/co/modex": "#021Co",
    "ndex": "#688",
    "name": "Binacle",
    "type1": "Rock",
    "type2": "Water"
  },
  {
    "ce/co/modex": "#022Co",
    "ndex": "#689",
    "name": "Barbaracle",
    "type1": "Rock",
    "type2": "Water"
  },
  {
    "ce/co/modex": "#030Co",
    "ndex": "#690",
    "name": "Skrelp",
    "type1": "Poison",
    "type2": "Water"
  },
  {
    "ce/co/modex": "#031Co",
    "ndex": "#691",
    "name": "Dragalge",
    "type1": "Poison",
    "type2": "Dragon"
  },
  {
    "ce/co/modex": "#032Co",
    "ndex": "#692",
    "name": "Clauncher",
    "type1": "Water"
  },
  {
    "ce/co/modex": "#033Co",
    "ndex": "#693",
    "name": "Clawitzer",
    "type1": "Water"
  },
  {
    "ce/co/modex": "#046Co",
    "ndex": "#694",
    "name": "Helioptile",
    "type1": "Electric",
    "type2": "Normal"
  },
  {
    "ce/co/modex": "#047Co",
    "ndex": "#695",
    "name": "Heliolisk",
    "type1": "Electric",
    "type2": "Normal"
  },
  {
    "ce/co/modex": "#064Co",
    "ndex": "#696",
    "name": "Tyrunt",
    "type1": "Rock",
    "type2": "Dragon"
  },
  {
    "ce/co/modex": "#065Co",
    "ndex": "#697",
    "name": "Tyrantrum",
    "type1": "Rock",
    "type2": "Dragon"
  },
  {
    "ce/co/modex": "#066Co",
    "ndex": "#698",
    "name": "Amaura",
    "type1": "Rock",
    "type2": "Ice"
  },
  {
    "ce/co/modex": "#067Co",
    "ndex": "#699",
    "name": "Aurorus",
    "type1": "Rock",
    "type2": "Ice"
  },
  {
    "ce/co/modex": "#085Co",
    "ndex": "#700",
    "name": "Sylveon",
    "type1": "Fairy"
  },
  {
    "ce/co/modex": "#089Co",
    "ndex": "#701",
    "name": "Hawlucha",
    "type1": "Fighting",
    "type2": "Flying"
  },
  {
    "ce/co/modex": "#110Co",
    "ndex": "#702",
    "name": "Dedenne",
    "type1": "Electric",
    "type2": "Fairy"
  },
  {
    "ce/co/modex": "#124Co",
    "ndex": "#703",
    "name": "Carbink",
    "type1": "Rock",
    "type2": "Fairy"
  },
  {
    "ce/co/modex": "#019Mo",
    "ndex": "#704",
    "name": "Goomy",
    "type1": "Dragon"
  },
  {
    "ce/co/modex": "#020Mo",
    "ndex": "#705",
    "name": "Sliggoo",
    "type1": "Dragon"
  },
  {
    "ce/co/modex": "#021Mo",
    "ndex": "#706",
    "name": "Goodra",
    "type1": "Dragon"
  },
  {
    "ce/co/modex": "#050Mo",
    "ndex": "#707",
    "name": "Klefki",
    "type1": "Steel",
    "type2": "Fairy"
  },
  {
    "ce/co/modex": "#061Mo",
    "ndex": "#708",
    "name": "Phantump",
    "type1": "Ghost",
    "type2": "Grass"
  },
  {
    "ce/co/modex": "#062Mo",
    "ndex": "#709",
    "name": "Trevenant",
    "type1": "Ghost",
    "type2": "Grass"
  },
  {
    "ce/co/modex": "#063Mo",
    "ndex": "#710",
    "name": "Pumpkaboo",
    "type1": "Ghost",
    "type2": "Grass"
  },
  {
    "ce/co/modex": "#064Mo",
    "ndex": "#711",
    "name": "Gourgeist",
    "type1": "Ghost",
    "type2": "Grass"
  },
  {
    "ce/co/modex": "#079Mo",
    "ndex": "#712",
    "name": "Bergmite",
    "type1": "Ice"
  },
  {
    "ce/co/modex": "#080Mo",
    "ndex": "#713",
    "name": "Avalugg",
    "type1": "Ice"
  },
  {
    "ce/co/modex": "#113Mo",
    "ndex": "#714",
    "name": "Noibat",
    "type1": "Flying",
    "type2": "Dragon"
  },
  {
    "ce/co/modex": "#114Mo",
    "ndex": "#715",
    "name": "Noivern",
    "type1": "Flying",
    "type2": "Dragon"
  },
  {
    "ce/co/modex": "#148Mo",
    "ndex": "#716",
    "name": "Xerneas",
    "type1": "Fairy"
  },
  {
    "ce/co/modex": "#149Mo",
    "ndex": "#717",
    "name": "Yveltal",
    "type1": "Dark",
    "type2": "Flying"
  },
  {
    "ce/co/modex": "#150Mo",
    "ndex": "#718",
    "name": "Zygarde",
    "type1": "Dragon",
    "type2": "Ground"
  },
  {
    "ce/co/modex": "#151Ce",
    "ndex": "#719",
    "name": "Diancie",
    "type1": "Rock",
    "type2": "Fairy"
  },
  {
    "ce/co/modex": "#152Ce",
    "ndex": "#720",
    "name": "Hoopa",
    "type1": "Psychic",
    "type2": "Ghost"
  },
  {
    "ce/co/modex": "#152Ce",
    "ndex": "#720",
    "name": "Hoopa",
    "type1": "Psychic",
    "type2": "Dark"
  },
  {
    "ce/co/modex": "#153Ce",
    "ndex": "#721",
    "name": "Volcanion",
    "type1": "Fire",
    "type2": "Water"
  }
]