[
  {
    "adex": "#001",
    "ndex": "#722",
    "name": "Rowlet",
    "type1": "Grass",
    "type2": "Flying"
  },
  {
    "adex": "#002",
    "ndex": "#723",
    "name": "Dartrix",
    "type1": "Grass",
    "type2": "Flying"
  },
  {
    "adex": "#003",
    "ndex": "#724",
    "name": "Decidueye",
    "type1": "Grass",
    "type2": "Ghost"
  },
  {
    "adex": "#004",
    "ndex": "#725",
    "name": "Litten",
    "type1": "Fire"
  },
  {
    "adex": "#005",
    "ndex": "#726",
    "name": "Torracat",
    "type1": "Fire"
  },
  {
    "adex": "#006",
    "ndex": "#727",
    "name": "Incineroar",
    "type1": "Fire",
    "type2": "Dark"
  },
  {
    "adex": "#007",
    "ndex": "#728",
    "name": "Popplio",
    "type1": "Water"
  },
  {
    "adex": "#008",
    "ndex": "#729",
    "name": "Brionne",
    "type1": "Water"
  },
  {
    "adex": "#009",
    "ndex": "#730",
    "name": "Primarina",
    "type1": "Water",
    "type2": "Fairy"
  },
  {
    "adex": "#010",
    "ndex": "#731",
    "name": "Pikipek",
    "type1": "Normal",
    "type2": "Flying"
  },
  {
    "adex": "#011",
    "ndex": "#732",
    "name": "Trumbeak",
    "type1": "Normal",
    "type2": "Flying"
  },
  {
    "adex": "#012",
    "ndex": "#733",
    "name": "Toucannon",
    "type1": "Normal",
    "type2": "Flying"
  },
  {
    "adex": "#013",
    "ndex": "#734",
    "name": "Yungoos",
    "type1": "Normal"
  },
  {
    "adex": "#014",
    "ndex": "#735",
    "name": "Gumshoos",
    "type1": "Normal"
  },
  {
    "adex": "#027",
    "ndex": "#736",
    "name": "Grubbin",
    "type1": "Bug"
  },
  {
    "adex": "#028",
    "ndex": "#737",
    "name": "Charjabug",
    "type1": "Bug",
    "type2": "Electric"
  },
  {
    "adex": "#029",
    "ndex": "#738",
    "name": "Vikavolt",
    "type1": "Bug",
    "type2": "Electric"
  },
  {
    "adex": "#059",
    "ndex": "#739",
    "name": "Crabrawler",
    "type1": "Fighting"
  },
  {
    "adex": "#060",
    "ndex": "#740",
    "name": "Crabominable",
    "type1": "Fighting",
    "type2": "Ice"
  },
  {
    "adex": "#082",
    "ndex": "#741",
    "name": "Oricorio",
    "type1": "Fire",
    "type2": "Flying"
  },
  {
    "adex": "#082",
    "ndex": "#741",
    "name": "Oricorio",
    "type1": "Electric",
    "type2": "Flying"
  },
  {
    "adex": "#082",
    "ndex": "#741",
    "name": "Oricorio",
    "type1": "Psychic",
    "type2": "Flying"
  },
  {
    "adex": "#082",
    "ndex": "#741",
    "name": "Oricorio",
    "type1": "Ghost",
    "type2": "Flying"
  },
  {
    "adex": "#083",
    "ndex": "#742",
    "name": "Cutiefly",
    "type1": "Bug",
    "type2": "Fairy"
  },
  {
    "adex": "#084",
    "ndex": "#743",
    "name": "Ribombee",
    "type1": "Bug",
    "type2": "Fairy"
  },
  {
    "adex": "#103",
    "ndex": "#744",
    "name": "Rockruff",
    "type1": "Rock"
  },
  {
    "adex": "#104",
    "ndex": "#745",
    "name": "Lycanroc",
    "type1": "Rock"
  },
  {
    "adex": "#110",
    "ndex": "#746",
    "name": "Wishiwashi",
    "type1": "Water"
  },
  {
    "adex": "#113",
    "ndex": "#747",
    "name": "Mareanie",
    "type1": "Poison",
    "type2": "Water"
  },
  {
    "adex": "#114",
    "ndex": "#748",
    "name": "Toxapex",
    "type1": "Poison",
    "type2": "Water"
  },
  {
    "adex": "#132",
    "ndex": "#749",
    "name": "Mudbray",
    "type1": "Ground"
  },
  {
    "adex": "#133",
    "ndex": "#750",
    "name": "Mudsdale",
    "type1": "Ground"
  },
  {
    "adex": "#141",
    "ndex": "#751",
    "name": "Dewpider",
    "type1": "Water",
    "type2": "Bug"
  },
  {
    "adex": "#142",
    "ndex": "#752",
    "name": "Araquanid",
    "type1": "Water",
    "type2": "Bug"
  },
  {
    "adex": "#143",
    "ndex": "#753",
    "name": "Fomantis",
    "type1": "Grass"
  },
  {
    "adex": "#144",
    "ndex": "#754",
    "name": "Lurantis",
    "type1": "Grass"
  },
  {
    "adex": "#145",
    "ndex": "#755",
    "name": "Morelull",
    "type1": "Grass",
    "type2": "Fairy"
  },
  {
    "adex": "#146",
    "ndex": "#756",
    "name": "Shiinotic",
    "type1": "Grass",
    "type2": "Fairy"
  },
  {
    "adex": "#161",
    "ndex": "#757",
    "name": "Salandit",
    "type1": "Poison",
    "type2": "Fire"
  },
  {
    "adex": "#162",
    "ndex": "#758",
    "name": "Salazzle",
    "type1": "Poison",
    "type2": "Fire"
  },
  {
    "adex": "#169",
    "ndex": "#759",
    "name": "Stufful",
    "type1": "Normal",
    "type2": "Fighting"
  },
  {
    "adex": "#170",
    "ndex": "#760",
    "name": "Bewear",
    "type1": "Normal",
    "type2": "Fighting"
  },
  {
    "adex": "#171",
    "ndex": "#761",
    "name": "Bounsweet",
    "type1": "Grass"
  },
  {
    "adex": "#172",
    "ndex": "#762",
    "name": "Steenee",
    "type1": "Grass"
  },
  {
    "adex": "#173",
    "ndex": "#763",
    "name": "Tsareena",
    "type1": "Grass"
  },
  {
    "adex": "#174",
    "ndex": "#764",
    "name": "Comfey",
    "type1": "Fairy"
  },
  {
    "adex": "#176",
    "ndex": "#765",
    "name": "Oranguru",
    "type1": "Normal",
    "type2": "Psychic"
  },
  {
    "adex": "#177",
    "ndex": "#766",
    "name": "Passimian",
    "type1": "Fighting"
  },
  {
    "adex": "#182",
    "ndex": "#767",
    "name": "Wimpod",
    "type1": "Bug",
    "type2": "Water"
  },
  {
    "adex": "#183",
    "ndex": "#768",
    "name": "Golisopod",
    "type1": "Bug",
    "type2": "Water"
  },
  {
    "adex": "#186",
    "ndex": "#769",
    "name": "Sandygast",
    "type1": "Ghost",
    "type2": "Ground"
  },
  {
    "adex": "#187",
    "ndex": "#770",
    "name": "Palossand",
    "type1": "Ghost",
    "type2": "Ground"
  },
  {
    "adex": "#200",
    "ndex": "#771",
    "name": "Pyukumuku",
    "type1": "Water"
  },
  {
    "adex": "#203",
    "ndex": "#772",
    "name": "Type: Null",
    "type1": "Normal"
  },
  {
    "adex": "#204",
    "ndex": "#773",
    "name": "Silvally",
    "type1": "Normal"
  },
  {
    "adex": "#213",
    "ndex": "#774",
    "name": "Minior",
    "type1": "Rock",
    "type2": "Flying"
  },
  {
    "adex": "#222",
    "ndex": "#775",
    "name": "Komala",
    "type1": "Normal"
  },
  {
    "adex": "#224",
    "ndex": "#776",
    "name": "Turtonator",
    "type1": "Fire",
    "type2": "Dragon"
  },
  {
    "adex": "#225",
    "ndex": "#777",
    "name": "Togedemaru",
    "type1": "Electric",
    "type2": "Steel"
  },
  {
    "adex": "#242",
    "ndex": "#778",
    "name": "Mimikyu",
    "type1": "Ghost",
    "type2": "Fairy"
  },
  {
    "adex": "#243",
    "ndex": "#779",
    "name": "Bruxish",
    "type1": "Water",
    "type2": "Psychic"
  },
  {
    "adex": "#244",
    "ndex": "#780",
    "name": "Drampa",
    "type1": "Normal",
    "type2": "Dragon"
  },
  {
    "adex": "#263",
    "ndex": "#781",
    "name": "Dhelmise",
    "type1": "Ghost",
    "type2": "Grass"
  },
  {
    "adex": "#271",
    "ndex": "#782",
    "name": "Jangmo-o",
    "type1": "Dragon"
  },
  {
    "adex": "#272",
    "ndex": "#783",
    "name": "Hakamo-o",
    "type1": "Dragon",
    "type2": "Fighting"
  },
  {
    "adex": "#273",
    "ndex": "#784",
    "name": "Kommo-o",
    "type1": "Dragon",
    "type2": "Fighting"
  },
  {
    "adex": "#285",
    "ndex": "#785",
    "name": "Tapu Koko",
    "type1": "Electric",
    "type2": "Fairy"
  },
  {
    "adex": "#286",
    "ndex": "#786",
    "name": "Tapu Lele",
    "type1": "Psychic",
    "type2": "Fairy"
  },
  {
    "adex": "#287",
    "ndex": "#787",
    "name": "Tapu Bulu",
    "type1": "Grass",
    "type2": "Fairy"
  },
  {
    "adex": "#288",
    "ndex": "#788",
    "name": "Tapu Fini",
    "type1": "Water",
    "type2": "Fairy"
  },
  {
    "adex": "#289",
    "ndex": "#789",
    "name": "Cosmog",
    "type1": "Psychic"
  },
  {
    "adex": "#290",
    "ndex": "#790",
    "name": "Cosmoem",
    "type1": "Psychic"
  },
  {
    "adex": "#291",
    "ndex": "#791",
    "name": "Solgaleo",
    "type1": "Psychic",
    "type2": "Steel"
  },
  {
    "adex": "#292",
    "ndex": "#792",
    "name": "Lunala",
    "type1": "Psychic",
    "type2": "Ghost"
  },
  {
    "adex": "#293",
    "ndex": "#793",
    "name": "Nihilego",
    "type1": "Rock",
    "type2": "Poison"
  },
  {
    "adex": "#294",
    "ndex": "#794",
    "name": "Buzzwole",
    "type1": "Bug",
    "type2": "Fighting"
  },
  {
    "adex": "#295",
    "ndex": "#795",
    "name": "Pheromosa",
    "type1": "Bug",
    "type2": "Fighting"
  },
  {
    "adex": "#296",
    "ndex": "#796",
    "name": "Xurkitree",
    "type1": "Electric"
  },
  {
    "adex": "#297",
    "ndex": "#797",
    "name": "Celesteela",
    "type1": "Steel",
    "type2": "Flying"
  },
  {
    "adex": "#298",
    "ndex": "#798",
    "name": "Kartana",
    "type1": "Grass",
    "type2": "Steel"
  },
  {
    "adex": "#299",
    "ndex": "#799",
    "name": "Guzzlord",
    "type1": "Dark",
    "type2": "Dragon"
  },
  {
    "adex": "#300",
    "ndex": "#800",
    "name": "Necrozma",
    "type1": "Psychic"
  },
  {
    "adex": "#301",
    "ndex": "#801",
    "name": "Magearna",
    "type1": "Steel",
    "type2": "Fairy"
  },
  {
    "adex": "#302",
    "ndex": "#802",
    "name": "Marshadow",
    "type1": "Fighting",
    "type2": "Ghost"
  },
  {
    "adex": "#261",
    "ndex": "#803",
    "name": "Poipole",
    "type1": "Poison"
  },
  {
    "adex": "#262",
    "ndex": "#804",
    "name": "Naganadel",
    "type1": "Poison",
    "type2": "Dragon"
  },
  {
    "adex": "#392",
    "ndex": "#805",
    "name": "Stakataka",
    "type1": "Rock",
    "type2": "Steel"
  },
  {
    "adex": "#393",
    "ndex": "#806",
    "name": "Blacephalon",
    "type1": "Fire",
    "type2": "Ghost"
  },
  {
    "adex": "#403",
    "ndex": "#807",
    "name": "Zeraora",
    "type1": "Electric"
  },
  {
    "adex": "#---",
    "ndex": "#808",
    "name": "Meltan",
    "type1": "Steel"
  },
  {
    "adex": "#---",
    "ndex": "#809",
    "name": "Melmetal",
    "type1": "Steel"
  }
]