[
  {
    "source": {
      "id": null,
      "name": "Entrepreneur"
    },
    "author": "Justin Chan",
    "title": "Bitcoin Critic Slams 'Brainwashed' Son for Turning Entire Portfolio Into Bitcoin, Threatens to 'Disinherit' Him",
    "description": "Upon learning that his son had switched to the cryptocurrency, stock broker Peter Schiff took to social media to denounce him.",
    "url": "https://www.entrepreneur.com/article/366964",
    "urlToImage": "https://assets.entrepreneur.com/content/3x2/2000/1615484154-GettyImages-1142462633.jpg",
    "publishedAt": "2021-03-11T17:36:19Z",
    "content": "March\r\n11, 2021\r\n3 min read\r\nNoted Bitcoin critic Peter Schiff didn't mince his words on Wednesday after learning that his son had turned his entire portfolio into the cryptocurrency.\r\nSchiff, the ca\u2026 [+2772 chars]"
  },
  {
    "source": {
      "id": "business-insider",
      "name": "Business Insider"
    },
    "author": "David McMillin",
    "title": "The BlockFi Bitcoin credit card waitlist is open \u2014 here's what to consider if you're thinking of applying",
    "description": "Summary List Placement\n<ul>\n<li>The waitlist is officially open for the first-ever Bitcoin rewards credit card from BlockFi.</li>\n<li>There's a $200 annual fee and few benefits \u2014 unless you plan to invest in and trade cryptocurrency.</li>\n<li>Deciding whether\u2026",
    "url": "https://www.businessinsider.com/personal-finance/blockfi-bitcoin-credit-card-waitlist-open-should-you-apply-2021-3",
    "urlToImage": "https://i.insider.com/604a25c89942cf001865dc1a?width=1200&format=jpeg",
    "publishedAt": "2021-03-12T21:57:46Z",
    "content": "Personal Finance Insider writes about products, strategies, and tips to help you make smart decisions with your money. We may receive a small commission from our partners, like American Express, but \u2026 [+7161 chars]"
  },
  {
    "source": {
      "id": "reuters",
      "name": "Reuters"
    },
    "author": "Kevin Buckland, Sagarika Jaisinghani",
    "title": "FOREX-Dollar steadies from one-week lows as bond yields tick up - Reuters",
    "description": "* Commodity-linked Aussie and kiwi ease from near one-week highs * Bitcoin climbs 12% this week, eyes record above $58,000 * Graphic: World FX rates https://tmsnrt.rs/2RBWI5E (Adds comments; updates prices) By Kevin Buckland and Sagarika Jaisinghani TOKYO, Ma\u2026",
    "url": "https://www.reuters.com/article/global-forex-idUSL1N2LA040",
    "urlToImage": "https://s1.reutersmedia.net/resources_v2/images/rcom-default.png?w=800",
    "publishedAt": "2021-03-12T05:16:00Z",
    "content": "* Commodity-linked Aussie and kiwi ease from near one-week\r\nhighs\r\n * Bitcoin climbs 12% this week, eyes record above $58,000\r\n * Graphic: World FX rates tmsnrt.rs/2RBWI5E\r\n(Adds comments; updates pr\u2026 [+3488 chars]"
  },
  {
    "source": {
      "id": null,
      "name": "heise online"
    },
    "author": "Tom Sperlich",
    "title": "Bitcoin als Geschenkgutschein",
    "description": "Die \"Hausfrauen-Hausse\" bei Bitcoin weitet sich aus: In der Schweiz gibt's die Kryptow\u00e4hrung jetzt auch im Kaufhaus und vom Kiosk als Mitbringsel.",
    "url": "https://www.heise.de/news/Bitcoin-als-Geschenkgutschein-5078637.html",
    "urlToImage": "https://heise.cloudimg.io/bound/1200x1200/q85.png-lossy-85.webp-lossy-85.foil1/_www-heise-de_/imgs/18/3/0/7/0/8/7/2/shutterstock_1876999606-4111d0f5c133d219.jpeg",
    "publishedAt": "2021-03-12T01:38:00Z",
    "content": "Die Schweizer Kaufhauskette Manor bietet seit Anfang der Woche Bitcoin als Gutscheinkarten an. Es gibt sie in drei Varianten f\u00fcr einen Festbetrag von 100 oder 500 Schweizer Franken (rund 90 bis 450 E\u2026 [+1688 chars]"
  },
  {
    "source": {
      "id": "reuters",
      "name": "Reuters"
    },
    "author": "Reuters Staff",
    "title": "Cryptocurrency platform FalconX secures $50 mln investment - Reuters",
    "description": "Cryptocurrency trading platform FalconX said on Thursday it had secured a $50 million investment from Tiger Global and B Capital Group.",
    "url": "https://www.reuters.com/article/crypto-currency-falconx-idUSL4N2L94I2",
    "urlToImage": "https://s1.reutersmedia.net/resources_v2/images/rcom-default.png?w=800",
    "publishedAt": "2021-03-11T19:58:00Z",
    "content": "By Reuters Staff\r\nMarch 11 (Reuters) - Cryptocurrency trading platform FalconX said on Thursday it had secured a $50 million investment from Tiger Global and B Capital Group.\r\nOver the last year, Fal\u2026 [+641 chars]"
  },
  {
    "source": {
      "id": "reuters",
      "name": "Reuters"
    },
    "author": "Reuters Staff",
    "title": "Cryptocurrency platform FalconX secures $50 million investment - Reuters",
    "description": "Cryptocurrency trading platform FalconX said on Thursday it had secured a $50 million investment from Tiger Global and B Capital Group.",
    "url": "https://www.reuters.com/article/us-crypto-currency-falconx-idUSKBN2B32VD",
    "urlToImage": "https://s1.reutersmedia.net/resources_v2/images/rcom-default.png?w=800",
    "publishedAt": "2021-03-11T20:03:00Z",
    "content": "By Reuters Staff\r\n(Reuters) - Cryptocurrency trading platform FalconX said on Thursday it had secured a $50 million investment from Tiger Global and B Capital Group.\r\nOver the last year, FalconX said\u2026 [+632 chars]"
  },
  {
    "source": {
      "id": "reuters",
      "name": "Reuters"
    },
    "author": "Kevin Buckland",
    "title": "Safe-haven dollar wallows near one-week low as bond yields retreat - Reuters",
    "description": "The safe-haven dollar languished near a one-week low on Friday as calming bond markets lifted investor sentiment and appetite for Asian currencies.",
    "url": "https://www.reuters.com/article/global-forex-int-idUSKBN2B404O",
    "urlToImage": "https://static.reuters.com/resources/r/?m=02&d=20210312&t=2&i=1554611885&r=LYNXMPEH2B01W&w=800",
    "publishedAt": "2021-03-12T01:29:00Z",
    "content": "TOKYO (Reuters) - The safe-haven dollar languished near a one-week low on Friday as calming bond markets lifted investor sentiment and appetite for Asian currencies.\r\nFILE PHOTO: A picture illustrati\u2026 [+2152 chars]"
  },
  {
    "source": {
      "id": null,
      "name": "New York Times"
    },
    "author": "Paul Sullivan",
    "title": "It May Be Time to Start Worrying About the Estate Tax",
    "description": "Most people have been able to pass on assets like a family home without federal tax, but that could be changing.",
    "url": "https://www.nytimes.com/2021/03/12/business/estate-tax.html",
    "urlToImage": "https://static01.nyt.com/images/2021/03/14/business/14Tax-Estate-illo/14Tax-Estate-illo-facebookJumbo.jpg",
    "publishedAt": "2021-03-12T12:53:21Z",
    "content": "Elimination of the step-up rules could capture billions in taxes from the rich but hurt some people who do not have enormous wealth. Consider a hypothetical couple who bought their home 40 years ago \u2026 [+2322 chars]"
  },
  {
    "source": {
      "id": null,
      "name": "Yahoo Entertainment"
    },
    "author": "Sam Benstead",
    "title": "Etherum is rising faster than Bitcoin \u2013 is it a good investment?",
    "description": "Ethereum is well known in the cryptocurrency world but lacks the star status of Bitcoin among mainstream investors. It is second to Bitcoin in terms of...",
    "url": "https://news.yahoo.com/etherum-rising-faster-bitcoin-good-100440320.html",
    "urlToImage": "https://s.yimg.com/uu/api/res/1.2/uyVdoYqhEEjwVx.SFrSuPA--~B/aD02MjU7dz0xMDAwO2FwcGlkPXl0YWNoeW9u/https://media.zenfs.com/en/the_telegraph_258/fe4f642024012e5d3ffbce80b62e3cdf",
    "publishedAt": "2021-03-12T10:04:40Z",
    "content": "Ethereum is well known in the cryptocurrency world but lacks the star status of Bitcoin among mainstream investors.\r\nIt is second to Bitcoin in terms of market value, at \u00a3145bn compared with Bitcoins\u2026 [+5500 chars]"
  },
  {
    "source": {
      "id": null,
      "name": "Lifehacker.com"
    },
    "author": "Mike Winters on Two Cents, shared by Mike Winters to Lifehacker",
    "title": "Why NFT Collectibles Are Overhyped",
    "description": "NFTs have become an investing phenomenon, with everything from GIFs to sports highlights selling for millions of dollars. But how much of this is hype\u2014and should we be reassured by celebrity endorsements from Logan Paul, Paris Hilton, Lindsay Lohan, Rob Gronk\u2026",
    "url": "https://twocents.lifehacker.com/why-nft-collectibles-are-overhyped-1846452668",
    "urlToImage": "https://i.kinja-img.com/gawker-media/image/upload/c_fill,f_auto,fl_progressive,g_center,h_675,pg_1,q_80,w_1200/dclkyg7wdn18rjbbxbsw.png",
    "publishedAt": "2021-03-11T01:35:00Z",
    "content": "NFTs have become an investing phenomenon, with everything from GIFs to sports highlights selling for millions of dollars. But how much of this is hypeand should we be reassured by celebrity endorseme\u2026 [+4477 chars]"
  },
  {
    "source": {
      "id": null,
      "name": "Investor's Business Daily"
    },
    "author": "Investor's Business Daily",
    "title": "Dow Jones Hits Record High With Biden Set To Sign Covid Stimulus Bill; Roblox Stock Jumps - Investor's Business Daily",
    "description": "<ol><li>Dow Jones Hits Record High With Biden Set To Sign Covid Stimulus Bill; Roblox Stock Jumps\u00a0\u00a0Investor's Business Daily\r\n</li><li>S&P 500 jumps more than 1% to hit a record high, Nasdaq rallies 2.5%\u00a0\u00a0CNBC\r\n</li><li>Dow rises more than 200 points to touch\u2026",
    "url": "https://www.investors.com/market-trend/stock-market-today/dow-jones-surges-jobless-claims-ease-apple-stock-microsoft-stock-rally-tech-roars-back-roblox-stock-jumps/",
    "urlToImage": "https://www.investors.com/wp-content/uploads/2021/03/Stock-roblox-Flee-company.jpg",
    "publishedAt": "2021-03-11T18:18:00Z",
    "content": "The Dow Jones Industrial Average hit a new record high on encouraging new data, while President Joe Biden is getting set to sign the Covid stimulus bill. New listing Roblox (RBLX) sprinted higher in \u2026 [+8899 chars]"
  },
  {
    "source": {
      "id": null,
      "name": "Presse-citron"
    },
    "author": "Arthur Vera",
    "title": "Une nouvelle fois, Bill Gates critique l\u2019empreinte carbone de Bitcoin",
    "description": "Le fondateur de Microsoft n'h\u00e9site pas \u00e0 tacler Bitcoin en jouant la carte de l'\u00e9cologie.",
    "url": "https://www.presse-citron.net/une-nouvelle-fois-bill-gates-critique-lempreinte-carbone-de-bitcoin/",
    "urlToImage": "https://www.presse-citron.net/app/uploads/2020/03/bill-gates.jpg",
    "publishedAt": "2021-03-12T11:45:18Z",
    "content": "Vous n\u2019\u00eates pas sans savoir que les cryptomonnaies et notamment Bitcoin connaissent ces derniers temps un succ\u00e8s ph\u00e9nom\u00e9nal. Et bien que certains milliardaires \u00e0 l\u2019image de Jack Dorsey ou d\u2019Elon Musk\u2026 [+1900 chars]"
  },
  {
    "source": {
      "id": "reuters",
      "name": "Reuters"
    },
    "author": "Reuters Staff",
    "title": "FACTBOX-What are NFTs and who's cashing in on them? - Reuters",
    "description": "NFTs are all the buzz this year, with people raking in millions by auctioning these digital assets. Digital artist Beeple sold an artwork for nearly $70 million at Christie's on Thursday and Twitter Inc boss Jack Dorsey is auctioning his first-ever tweet as a\u2026",
    "url": "https://www.reuters.com/article/crypto-currency-nft-idUSL4N2L840R",
    "urlToImage": "https://s1.reutersmedia.net/resources_v2/images/rcom-default.png?w=800",
    "publishedAt": "2021-03-12T18:09:00Z",
    "content": "By Reuters Staff\r\nMarch 12 (Reuters) - NFTs are all the buzz this year, with\r\npeople raking in millions by auctioning these digital assets.\r\n Digital artist Beeple sold an artwork for nearly $70 mill\u2026 [+2272 chars]"
  },
  {
    "source": {
      "id": "reuters",
      "name": "Reuters"
    },
    "author": "Reuters Staff",
    "title": "Factbox: What are NFTs and who's cashing in on them? - Reuters Canada",
    "description": "NFTs are all the buzz this year, with people raking in millions by auctioning these digital assets.",
    "url": "https://www.reuters.com/article/us-crypto-currency-nft-idUSKBN2B42KF",
    "urlToImage": "https://static.reuters.com/resources/r/?m=02&d=20210312&t=2&i=1554719327&r=LYNXMPEH2B1JI&w=800",
    "publishedAt": "2021-03-12T19:39:00Z",
    "content": "By Reuters Staff\r\n(Reuters) - NFTs are all the buzz this year, with people raking in millions by auctioning these digital assets.\r\nFILE PHOTO: \"EVERYDAYS: THE FIRST 5000 DAYS\" is a collage, by a digi\u2026 [+2331 chars]"
  },
  {
    "source": {
      "id": null,
      "name": "Faz.net"
    },
    "author": "Roland Lindner",
    "title": "Bitcoin-Kauf macht Tesla-Aktie volatiler",
    "description": "Der H\u00f6henflug des Elektroauto-Herstellers an der B\u00f6rse ist vorerst gestoppt. Wegen der j\u00fcngsten Bitcoin-Investition des Unternehmens wird die Aktie anf\u00e4lliger f\u00fcr Kursschwankungen.",
    "url": "https://www.faz.net/aktuell/finanzen/bitcoin-kauf-macht-tesla-aktie-volatiler-17241472.html",
    "urlToImage": "https://media0.faz.net/ppmedia/aktuell/finanzen/2397800278/1.7241526/facebook_teaser_fplus/genialer-verkaeufer-tesla.jpg",
    "publishedAt": "2021-03-12T19:52:22Z",
    "content": "Das neue Jahr begann f\u00fcr Tesla \u00e4hnlich wie das alte aufgeh\u00f6rt hat: Mit dem Aktienkurs ging es steil nach oben. Im vergangenen Jahr hat sich der Wert der Tesla-Aktie in etwa verachtfacht, und in den e\u2026 [+1075 chars]"
  },
  {
    "source": {
      "id": "reuters",
      "name": "Reuters"
    },
    "author": "Reuters Staff",
    "title": "FOREX-Dollar gains, riskier currencies lose out as U.S. yields rise again - Reuters",
    "description": "The dollar rose on Friday, recovering its losses from the day before, as a spike in Treasury yields early in the European session triggered a risk-off move in global currency markets, with riskier currencies taking a hit.",
    "url": "https://www.reuters.com/article/us-global-forex-idUSKBN2B404S",
    "urlToImage": "https://static.reuters.com/resources/r/?m=02&d=20210312&t=2&i=1554611505&r=LYNXMPEH2B01V&w=800",
    "publishedAt": "2021-03-12T09:11:00Z",
    "content": "By Reuters Staff\r\nLONDON (Reuters) - The dollar rose on Friday, recovering its losses from the day before, as a spike in Treasury yields early in the European session triggered a risk-off move in glo\u2026 [+3058 chars]"
  },
  {
    "source": {
      "id": "reuters",
      "name": "Reuters"
    },
    "author": "Rodrigo Campos",
    "title": "GLOBAL MARKETS-Stocks dip as rotation continues; yields, dollar rise - Reuters",
    "description": "* Biden signs $1.9 trillion stimulus into law (Updates throughout, changes dateline from previous LONDON)",
    "url": "https://www.reuters.com/article/global-markets-idUSL1N2LA1CO",
    "urlToImage": "https://s1.reutersmedia.net/resources_v2/images/rcom-default.png?w=800",
    "publishedAt": "2021-03-12T17:09:00Z",
    "content": "* MSCI World down 0.2%, pressured by bond yields\r\n* Oil, gold also lower; dollar gains\r\n* Biden signs $1.9 trillion stimulus into law (Updates throughout, changes dateline from previous LONDON)\r\nNEW \u2026 [+3680 chars]"
  },
  {
    "source": {
      "id": null,
      "name": "Based.cooking"
    },
    "author": null,
    "title": "based.cooking",
    "description": "Comments",
    "url": "https://based.cooking/",
    "urlToImage": null,
    "publishedAt": "2021-03-11T03:05:12Z",
    "content": "Only Based cooking. No ads, no tracking, nothing but based cooking.\r\nRecipes\r\nBasics\r\nAbout this site\r\nFounded to provide a simple online cookbook without ads and obese web design.\r\nIt's easy to cont\u2026 [+487 chars]"
  },
  {
    "source": {
      "id": "t3n",
      "name": "T3n"
    },
    "author": "Dieter Petereit",
    "title": "80 Prozent mehr als 2020: Stromfresser Bitcoin wird rasant hungriger",
    "description": "Der Stromverbrauch des Bitcoin-Netzwerks ist innerhalb eines Jahres um 80 Prozent gestiegen. Mit 128 Terawattstunden liegt Bitcoin im j\u00e4hrlichen Verbrauch \u00fcber Argentinien. Bei der Universit\u00e4t Cambridge besch\u00e4ftigt man sich seit Jahren mit dem Stromverbrauch \u2026",
    "url": "https://t3n.de/news/80-prozent-mehr-strom-bitcoin-1365728/",
    "urlToImage": "https://assets.t3n.sc/news/wp-content/uploads/2021/03/bitcoin-strom-teaser.jpg?auto=format&h=&ixlib=php-2.3.0&w=",
    "publishedAt": "2021-03-12T21:00:38Z",
    "content": "12.03.2021, 22:00 Uhr\r\n Lesezeit: 2 Min.\r\nGerade keine Zeit? Jetzt speichern und sp\u00e4ter lesen\r\nHinweis: Wir haben in diesem Artikel Provisions-Links verwendet und sie durch \"*\" gekennzeichnet. Erfolg\u2026 [+3047 chars]"
  },
  {
    "source": {
      "id": null,
      "name": "Faz.net"
    },
    "author": "Antonia Mannweiler",
    "title": "Wikifolio-Chef Andreas Kern: \u201eBitcoin ist das schlechte Gold\u201c",
    "description": "Social-Trading-Plattformen wie Wikifolio laden auch unerfahrene Anleger zum Austausch mit B\u00f6rsenprofis ein. Andreas Kern, Chef der Plattform, spricht \u00fcber die St\u00e4rke von Nebenwerten und das Vertrauen in den Euro.",
    "url": "https://www.faz.net/aktuell/finanzen/wikifolio-chef-andreas-kern-kritik-zu-kryptowaehrung-bitcoin-17235809.html",
    "urlToImage": "https://media1.faz.net/ppmedia/4210784689/1.7235871/facebook_teaser_fplus/setzt-auf-den-stabilen-euro.jpg",
    "publishedAt": "2021-03-12T13:36:08Z",
    "content": "Der Zustrom der Privatanleger an die B\u00f6rsen ebbt nicht ab. Die Gr\u00fcnde f\u00fcr die wachsende Beliebtheit der sonst eher mit Samthandschuhen angefassten B\u00f6rse sind vielf\u00e4ltig. Das liegt zum einen an der zu\u2026 [+886 chars]"
  }
]